Organization,Industry,Careers Page URL
BerryDunn,Accounting,https://www.berrydunn.com/careers
Cherry Bekaert,Accounting,https://www.cbh.com/careers/
Stone Coast Fund Services,Accounting,https://stonecoastfundservices.com/careers/
Athena Global Advisors Inc,"Advertising, PR & Marketing",https://athenaga.com/careers/
Blaze,"Advertising, PR & Marketing",https://blaze.ai/careers
Burson Global,"Advertising, PR & Marketing",https://www.bursonglobal.com/careers
Diversified Communications,"Advertising, PR & Marketing",https://divcom.com/careers/
Edelman,"Advertising, PR & Marketing",https://www.edelman.com/careers
FGS Global,"Advertising, PR & Marketing",https://fgsglobal.com/careers/
Finn Partners,"Advertising, PR & Marketing",https://www.finnpartners.com/careers/
Giant Spoon,"Advertising, PR & Marketing",https://giantspoon.com/careers
Joele Frank,"Advertising, PR & Marketing",https://joelefrank.com/careers/
Matter Communications,"Advertising, PR & Marketing",https://mattercomm.com/careers/
Ogilvy,"Advertising, PR & Marketing",https://www.ogilvy.com/careers
Parthenon Public Relations,"Advertising, PR & Marketing",https://parthenonpr.com/careers/
Prosek Partners,"Advertising, PR & Marketing",https://www.prosek.com/careers
Razorfish,"Advertising, PR & Marketing",https://www.razorfish.com/careers
The VIA Agency,"Advertising, PR & Marketing",https://www.theviaagency.com/careers
Weber Shandwick,"Advertising, PR & Marketing",https://www.webershandwick.com/careers
bluShift Aerospace,Aerospace,https://www.blushiftaerospace.com/careers
NASA - Jet Propulsion Laboratory,Aerospace,https://www.jpl.nasa.gov/careers
NASA Jet Propulsion Laboratory,Aerospace,https://www.jpl.nasa.gov/careers
National Aeronautics and Space Administration (NASA),Aerospace,https://www.nasa.gov/careers/
Mountaire Farms,Agriculture,https://mountaire.com/careers/
Washington Department of Fish and Wildlife,Animal & Wildlife,https://wdfw.wa.gov/about/jobs
Metropolitan Area Planning Council,Architecture and Planning,https://www.mapc.org/about-mapc/careers/
"Adimab, LLC",Biotech & Life Sciences,https://adimab.com/careers/
Biogen,Biotech & Life Sciences,https://careers.biogen.com/
Brigham and Women's Hospital - Brigham Research Institute,Biotech & Life Sciences,https://www.brighamresearch.org/careers
Broad Institute of MIT and Harvard,Biotech & Life Sciences,https://www.broadinstitute.org/careers
EnviroLogix,Biotech & Life Sciences,https://www.envirologix.com/careers/
Equity Medical,Biotech & Life Sciences,https://www.equitymedical.com/careers/
Freenome,Biotech & Life Sciences,https://www.freenome.com/careers
Genentech,Biotech & Life Sciences,https://www.gene.com/careers
Intellia Therapeutics,Biotech & Life Sciences,https://www.intelliatx.com/careers/
Sanofi Genzyme,Biotech & Life Sciences,https://jobs.sanofi.com/
Stryde Research,Biotech & Life Sciences,https://www.stryderesearch.com/careers
The Rockefeller University: Gap Year(s) Opportunities in Biomedical Research,Biotech & Life Sciences,https://www.rockefeller.edu/careers/
Thermo Fisher Scientific,Biotech & Life Sciences,https://jobs.thermofisher.com/
Whitehead Institute for Biomedical Research,Biotech & Life Sciences,https://wi.mit.edu/careers
Arcadis,Civil Engineering,https://www.arcadis.com/en/careers
Fuss & O'Neill,Civil Engineering,https://www.fando.com/careers/
Langan Engineering and Environmental Services,Civil Engineering,https://www.langan.com/careers
American Express,Commercial Banking & Credit,https://www.americanexpress.com/en-us/careers/
Capital One,Commercial Banking & Credit,https://www.capitalonecareers.com/
Farm Credit East,Commercial Banking & Credit,https://www.farmcrediteast.com/careers
M&T Bank,Commercial Banking & Credit,https://careers.mtb.com/
Silicon Valley Bank,Commercial Banking & Credit,https://www.svb.com/careers
Westfield Capital Management,Commercial Banking & Credit,https://www.westfieldcapital.com/careers
B&B Micro Manufacturing Inc,Construction,https://www.bbmicromfg.com/careers
"Consigli Construction Co., Inc.",Construction,https://www.consigli.com/careers/
Knickerbocker Group,Construction,https://www.knickerbockergroup.com/careers/
Suffolk Construction,Construction,https://careers.suffolk.com/
Allagash Brewing Company,CPG - Consumer Packaged Goods,https://www.allagash.com/careers/
Procter & Gamble (P&G),CPG - Consumer Packaged Goods,https://www.pgcareers.com/
"The Estee Lauder Companies, Inc.",CPG - Consumer Packaged Goods,https://www.elcompanies.com/en/careers
Unilever - North America,CPG - Consumer Packaged Goods,https://www.unilevernorthamerica.com/careers/
Apple,Electronic & Computer Hardware,https://jobs.apple.com/
Garmin,Electronic & Computer Hardware,https://careers.garmin.com/
WHOOP,Electronic & Computer Hardware,https://www.whoop.com/careers/
Wood Mackenzie,Energy,https://www.woodmac.com/careers/
Ramboll US Corporation,Engineering & Construction,https://ramboll.com/careers
Schneider Electric,Engineering & Construction,https://www.se.com/us/en/about-us/careers/
WSP,Engineering & Construction,https://www.wsp.com/en-us/careers
"3Degrees, Inc.",Environmental Services,https://3degreesinc.com/careers/
American Conservation Experience,Environmental Services,https://usaconservation.applicantpool.com/jobs/
California Marine Sanctuary Foundation,Environmental Services,https://californiamarinesanctuaryfoundation.org/about-us/careers/
Ceres,Environmental Services,https://www.ceres.org/careers
Commonwealth of Massachusetts: Department of Environmental Protection (DEP),Environmental Services,https://www.mass.gov/orgs/massachusetts-department-of-environmental-protection/jobs
Earthjustice,Environmental Services,https://earthjustice.org/about/jobs
ecomaine,Environmental Services,https://www.ecomaine.org/about-us/employment/
Maine Resource Recovery Association,Environmental Services,https://www.mrra.net/careers/
Sol Systems,Environmental Services,https://solsystems.com/careers/
"Tetra Tech, Inc.",Environmental Services,https://www.tetratech.com/careers/
The California Marine Sanctuary Foundation (CMSF),Environmental Services,https://californiamarinesanctuaryfoundation.org/about-us/careers/
The Nature Conservancy,Environmental Services,https://www.nature.org/en-us/about-us/careers/
Triumvirate Environmental,Environmental Services,https://www.triumvirate.com/careers
Maine Organic Farmers and Gardeners Association (MOFGA),"Farming, Ranching and Fishing",https://www.mofga.org/about/jobs/
Phil's Farm,"Farming, Ranching and Fishing",https://www.philsfarm.com/jobs
Reebok,Fashion,https://careers.reebok.com/
"Aksia, LLC",Financial Services,https://www.aksia.com/working-at-aksia/
Barclays,Financial Services,https://home.barclays/careers/
Bloomberg,Financial Services,https://careers.bloomberg.com/
BNY,Financial Services,https://jobs.bnymellon.com/
Brown Brothers Harriman (BBH),Financial Services,https://www.bbh.com/en-us/careers
Civic Financial,Financial Services,https://www.civicfs.com/careers
Commonwealth Financial Network,Financial Services,https://www.commonwealth.com/careers
Counterpointe Sustainable Real Estate,Financial Services,https://counterpointesre.com/careers/
DirectBooks,Financial Services,https://www.directbooks.com/careers/
FactSet,Financial Services,https://www.factset.com/careers
Falcon,Financial Services,https://www.falconinvestments.com/careers
Fidelity Investments,Financial Services,https://jobs.fidelity.com/
Focus Financial Partners,Financial Services,https://www.focusfinancialpartners.com/careers/
Freddie Mac,Financial Services,https://www.freddiemac.com/careers
JPMorganChase,Financial Services,https://careers.jpmorgan.com/
Kikoff,Financial Services,https://www.kikoff.com/careers
LPL Financial,Financial Services,https://careers.lpl.com/
Pathstone,Financial Services,https://pathstone.com/careers/
Principal Financial Group,Financial Services,https://www.principal.com/about-us/careers
Reckoner Capital Management,Financial Services,https://www.reckonercapital.com/careers
TD,Financial Services,https://jobs.td.com/
Third Bridge,Financial Services,https://www.thirdbridge.com/careers/
Truist,Financial Services,https://careers.truist.com/
UBS,Financial Services,https://www.ubs.com/global/en/careers.html
Wells Fargo,Financial Services,https://www.wellsfargo.com/about/careers/
GALLO,Food & Beverage,https://jobs.gallo.com/
Ocean Spray,Food & Beverage,https://careers.oceanspray.com/
Portland Sea Dogs Professional Baseball,Food & Beverage,https://www.seadogs.com/employment
Schoodic Institute at Acadia National Park,Forestry,https://schoodicinstitute.org/about/jobs/
State of New Hampshire DNCR Division of Forests and Lands,Forestry,https://www.nh.gov/nhdfl/employment.htm
California Air Resources Board,"Government - Local, State & Federal",https://ww2.arb.ca.gov/careers
Central Intelligence Agency (CIA),"Government - Local, State & Federal",https://www.cia.gov/careers/
City and County of San Francisco - Office of the City Administrator,"Government - Local, State & Federal",https://www.sf.gov/departments/city-administrator/jobs
City of Boston,"Government - Local, State & Federal",https://www.boston.gov/jobs
"City of Portland, Maine","Government - Local, State & Federal",https://www.portlandmaine.gov/jobs
Commonwealth of Massachusetts,"Government - Local, State & Federal",https://www.mass.gov/orgs/human-resources-division
Connecticut Department of Energy and Environmental Protection,"Government - Local, State & Federal",https://portal.ct.gov/DEEP/Jobs/DEEP-Jobs
Consumer Financial Protection Bureau,"Government - Local, State & Federal",https://www.consumerfinance.gov/about-us/careers/
Cornerstone Government Affairs,"Government - Local, State & Federal",https://www.cornerstonegov.com/careers/
Critical Language Scholarships Program,"Government - Local, State & Federal",https://clscholarship.org/careers
Department of the Secretary of State of Maine,"Government - Local, State & Federal",https://www.maine.gov/sos/jobs/
Efficiency Maine Trust,"Government - Local, State & Federal",https://www.efficiencymaine.com/about/jobs/
Florida Department of Environmental Protection,"Government - Local, State & Federal",https://jobs.myflorida.com/
Maine Ending Hunger Corps,"Government - Local, State & Federal",https://www.maine.gov/dacf/jobs
Maine Government Summer Internship Program,"Government - Local, State & Federal",https://www.maine.gov/bhr/state-jobs/internships
NJ Department of Environmental Protection,"Government - Local, State & Federal",https://www.nj.gov/dep/jobs/
NYC Department of Citywide Administrative Services,"Government - Local, State & Federal",https://www.nyc.gov/site/dcas/employment/employment.page
ORAU,"Government - Local, State & Federal",https://www.orau.org/careers/
Pennsylvania Department of Environmental Protection (DEP),"Government - Local, State & Federal",https://www.dep.pa.gov/About/Employment/Pages/default.aspx
State of Connecticut Executive Branch,"Government - Local, State & Federal",https://portal.ct.gov/Jobs
State of Maine,"Government - Local, State & Federal",https://www.maine.gov/bhr/state-jobs
State of New Hampshire,"Government - Local, State & Federal",https://www.nh.gov/employment/
State of Vermont,"Government - Local, State & Federal",https://humanresources.vermont.gov/careers
The State of Rhode Island-Department of Administration,"Government - Local, State & Federal",https://dlt.ri.gov/jobs
U.S. Attorney's Office - Eastern District of New York,"Government - Local, State & Federal",https://www.justice.gov/usao-edny/employment
"U.S. Department of Commerce - U.S. Commercial Service, International Trade Administration","Government - Local, State & Federal",https://www.trade.gov/careers
U.S. Department of Energy,"Government - Local, State & Federal",https://www.energy.gov/jobs
U.S. Department of State,"Government - Local, State & Federal",https://careers.state.gov/
U.S. Government Accountability Office,"Government - Local, State & Federal",https://www.gao.gov/careers
U.S. Office of Personnel Management (OPM),"Government - Local, State & Federal",https://www.opm.gov/policy-data-oversight/hiring-information/
U.S. Representative Kelly Morrison,"Government - Local, State & Federal",https://kellymorrison.house.gov/
"United States Senator Angus S. King, Jr.","Government - Local, State & Federal",https://www.king.senate.gov/
United States Senator Susan M. Collins,"Government - Local, State & Federal",https://www.collins.senate.gov/
"Athenahealth, Inc.",Healthcare,https://www.athenahealth.com/careers
Beth Israel Deaconess Medical Center - Beth Israel Lahey Health System,Healthcare,https://jobs.bidmc.org/
Boston Children's Hospital,Healthcare,https://www.childrenshospital.org/careers
Boston Medical Center,Healthcare,https://www.bmc.org/careers
Brigham and Women's Hospital,Healthcare,https://www.brighamandwomens.org/careers
Brigham and Women's Hospital Cardiology,Healthcare,https://www.brighamandwomens.org/heart-and-vascular-center/careers
Brigham and Women's Hospital- Department of Pathology,Healthcare,https://www.brighamandwomens.org/pathology/careers
Children's Hospital of Philadelphia,Healthcare,https://www.chop.edu/careers
Children's National Hospital,Healthcare,https://childrensnational.org/careers
Costello Medical,Healthcare,https://www.costellomedical.com/careers/
CVS Health,Healthcare,https://jobs.cvshealth.com/
Dana-Farber Cancer Institute,Healthcare,https://careers.dana-farber.org/
Dana-Farber Cancer Institute Volunteer Services and Patient Programs,Healthcare,https://www.dana-farber.org/about-dana-farber/volunteer/
Daniel Hanley Center for Health Leadership,Healthcare,https://hanleycenter.org/careers/
Dermatology & Skin Health,Healthcare,https://www.dermskinhealth.com/careers
Dermatology Associates,Healthcare,https://dermassociatesme.com/careers/
IQVIA,Healthcare,https://jobs.iqvia.com/
Johnson & Johnson,Healthcare,https://careers.jnj.com/
Joslin Diabetes Center,Healthcare,https://www.joslin.org/careers
Labcorp,Healthcare,https://careers.labcorp.com/
LeanTaaS,Healthcare,https://www.leantaas.com/careers/
Maine Mobile Health Program,Healthcare,https://www.mmhp.net/careers
MaineHealth*,Healthcare,https://careers.mainehealth.org/
Martin's Point Health Care,Healthcare,https://martinspoint.org/careers
Massachusetts General Hospital,Healthcare,https://www.massgeneral.org/careers
Massachusetts General Hospital,Healthcare,https://www.massgeneral.org/careers
Massachusetts General Hospital,Healthcare,https://www.massgeneral.org/careers
Massachusetts General Hospital Cancer Center,Healthcare,https://www.massgeneral.org/cancer-center/about/careers
Mount Sinai Health System,Healthcare,https://careers.mountsinai.org/
Nemours ChildrenÇƒÙs Health,Healthcare,https://careers.nemours.org/
Northwell Health,Healthcare,https://jobs.northwell.edu/
NYC Health + Hospitals,Healthcare,https://www.nychealthandhospitals.org/careers/
NYU Langone Health,Healthcare,https://jobs.nyulangone.org/
Perlmutter Eye Center & Perlmutter Dermatology,Healthcare,https://nyulangone.org/locations/perlmutter-cancer-center
Project Horseshoe Farm,Healthcare,https://www.projecthorseshoefarm.org/jobs
Psychology Specialists of Maine,Healthcare,https://www.psychologyspecialistsofmaine.com/careers
Roman Health Ventures (Ro),Healthcare,https://careers.ro.co/
ScribeAmerica,Healthcare,https://www.scribeamerica.com/careers
South Shore Health,Healthcare,https://careers.southshorehealth.org/
Stamford Health,Healthcare,https://www.stamfordhealth.org/careers
Sweetser,Healthcare,https://www.sweetser.org/careers
"Thyroid, Head and Neck Cancer Foundation",Healthcare,https://www.thyca.org/about-us/employment/
Bowdoin College,Higher Education,https://www.bowdoin.edu/hr/jobs/
Chapman University,Higher Education,https://www.chapman.edu/careers/index.aspx
The Roux Institute at Northeastern University,Higher Education,https://careers.northeastern.edu/
Choice Hotels International,Hotels & Accommodation,https://www.choicehotels.com/careers
"Isaacson, Miller",Human Resources,https://www.imsearch.com/careers/
Spencer Stuart,Human Resources,https://www.spencerstuart.com/careers
The Bowdoin Group,Human Resources,https://www.bowdoingroup.com/careers/
Booz Allen Hamilton Inc,Information Technology,https://careers.boozallen.com/
Epic,Information Technology,https://careers.epic.com/
Progress,Information Technology,https://www.progress.com/company/careers
Samsung SDS America,Information Technology,https://www.samsungsds.com/us/careers
Techstars,Information Technology,https://jobs.techstars.com/
The Information Lab,Information Technology,https://www.theinformationlab.com/careers/
WEX Inc.,Information Technology,https://www.wexinc.com/careers/
World Wide Technology,Information Technology,https://www.wwt.com/careers
Cambridge Insurance Advisors,Insurance,https://cambridgeinsuranceadvisors.com/careers/
General Reinsurance Corp.,Insurance,https://www.genre.com/knowledge/careers
Liberty Mutual Insurance,Insurance,https://jobs.libertymutualgroup.com/
Marsh,Insurance,https://careers.marsh.com/
MEMIC,Insurance,https://www.memic.com/about/careers/
RenaissanceRe,Insurance,https://www.renre.com/careers/
The Andover Companies,Insurance,https://www.andovercompanies.com/about/careers
The Hartford Financial Services Group,Insurance,https://careers.thehartford.com/
Unum,Insurance,https://careers.unum.com/
Abt Global,International Affairs,https://www.abtglobal.com/careers
Albright Stonebridge Group,International Affairs,https://dgagroup.com/careers/
Peace Corps,International Affairs,https://www.peacecorps.gov/careers/
Perseus Strategies,International Affairs,https://perseus-strategies.com/careers/
Alarm.com,Internet & Software,https://www.alarm.com/about/open-positions.aspx
Alivo,Internet & Software,https://www.alivo.ai/careers
Amazon,Internet & Software,https://www.amazon.jobs/
Analytic Partners,Internet & Software,https://analyticpartners.com/careers/
Ansys,Internet & Software,https://www.ansys.com/careers
Astronomer,Internet & Software,https://www.astronomer.io/careers/
Attentive,Internet & Software,https://www.attentive.com/careers
Benchling,Internet & Software,https://www.benchling.com/careers/
Black Duck Software,Internet & Software,https://www.blackduck.com/company/careers.html
Blackhawk Network,Internet & Software,https://careers.blackhawknetwork.com/
Bottomline Technologies,Internet & Software,https://www.bottomline.com/about/careers
Buildforce,Internet & Software,https://www.buildforce.com/careers
CarGurus,Internet & Software,https://www.cargurus.com/Careers
Cisco,Internet & Software,https://jobs.cisco.com/
Clarivate,Internet & Software,https://careers.clarivate.com/
Cockroach Labs,Internet & Software,https://www.cockroachlabs.com/careers/
Collective[i],Internet & Software,https://collectivei.com/careers/
Criteo Corp,Internet & Software,https://careers.criteo.com/
Curriculum Associates,Internet & Software,https://www.curriculumassociates.com/careers
Datadog,Internet & Software,https://www.datadoghq.com/careers/
DoorDash,Internet & Software,https://careers.doordash.com/
Everlaw,Internet & Software,https://www.everlaw.com/careers/
EverQuote,Internet & Software,https://www.everquote.com/careers/
"Fast Enterprises, LLC",Internet & Software,https://www.fastenterprises.com/careers
FieldStack,Internet & Software,https://www.fieldstack.com/careers
Figma,Internet & Software,https://www.figma.com/careers/
FiscalNote,Internet & Software,https://fiscalnote.com/careers
Flatiron Health,Internet & Software,https://flatiron.com/careers/
"ForeFlight, LLC",Internet & Software,https://foreflight.com/about/careers/
Justworks,Internet & Software,https://www.justworks.com/careers
Klaviyo,Internet & Software,https://www.klaviyo.com/careers
Konsyg,Internet & Software,https://www.konsyg.com/careers
Mainfactor,Internet & Software,https://www.mainfactor.com/careers
MathWorks,Internet & Software,https://www.mathworks.com/company/jobs.html
Microsoft,Internet & Software,https://careers.microsoft.com/
Notion,Internet & Software,https://www.notion.so/careers
Okta,Internet & Software,https://www.okta.com/company/careers/
Onpoint Health Data,Internet & Software,https://onpointhealthdata.com/careers/
"onXmaps, Inc.",Internet & Software,https://www.onxmaps.com/careers
OpenGov,Internet & Software,https://opengov.com/careers/
Plaid Technologies,Internet & Software,https://plaid.com/careers/
ProDIGIQ Inc.,Internet & Software,https://prodigiq.com/careers/
Pump.co,Internet & Software,https://www.pump.co/careers
Qualtrics,Internet & Software,https://www.qualtrics.com/careers/
Radar,Internet & Software,https://radar.io/careers/
RapidSOS,Internet & Software,https://rapidsos.com/careers/
Scale AI,Internet & Software,https://scale.com/careers
SciSure,Internet & Software,https://www.scisure.com/careers/
Shopify,Internet & Software,https://www.shopify.com/careers
Sigma Computing Inc.,Internet & Software,https://www.sigmacomputing.com/careers
SS&C Eze,Internet & Software,https://www.ssctech.com/careers
SS&C Technologies,Internet & Software,https://www.ssctech.com/careers
Stuut,Internet & Software,https://www.stuut.com/careers
Tamr,Internet & Software,https://www.tamr.com/careers/
The Trade Desk,Internet & Software,https://www.thetradedesk.com/careers
"Toast, Inc.",Internet & Software,https://careers.toasttab.com/
Tyler Technologies,Internet & Software,https://www.tylertech.com/careers
Veeva Systems,Internet & Software,https://careers.veeva.com/
Verkada,Internet & Software,https://www.verkada.com/careers/
Virtru,Internet & Software,https://www.virtru.com/careers
Watershed Technology Inc,Internet & Software,https://www.watershedtech.com/careers
Wayfair,Internet & Software,https://www.aboutwayfair.com/careers
Workday,Internet & Software,https://www.workday.com/en-us/company/careers.html
Zuma,Internet & Software,https://www.zuma.ai/careers
Acadian Asset Management LLC,Investment / Portfolio Management,https://www.acadian-asset.com/careers
Advantage Capital,Investment / Portfolio Management,https://www.advantagecap.com/careers/
AllianceBernstein,Investment / Portfolio Management,https://www.alliancebernstein.com/careers
Alpine Investors,Investment / Portfolio Management,https://www.alpineinvestors.com/careers/
AQR Capital Management,Investment / Portfolio Management,https://www.aqr.com/About-Us/Careers
Ares Management,Investment / Portfolio Management,https://www.aresmgmt.com/careers
"Arrowstreet Capital, Limited Partnership",Investment / Portfolio Management,https://arrowstreetcapital.com/careers/
Artisan Partners,Investment / Portfolio Management,https://www.artisanpartners.com/careers/
Audax Group,Investment / Portfolio Management,https://www.audaxgroup.com/careers
Avante Capital Partners,Investment / Portfolio Management,https://www.avantecapital.com/careers/
Bain Capital,Investment / Portfolio Management,https://www.baincapital.com/careers
BlackRock,Investment / Portfolio Management,https://careers.blackrock.com/
Blue Owl Capital,Investment / Portfolio Management,https://www.blueowl.com/careers
Bracebridge Capital,Investment / Portfolio Management,https://www.bracebridgecapital.com/careers/
Bridgewater Associates,Investment / Portfolio Management,https://www.bridgewater.com/careers
Cambridge Associates,Investment / Portfolio Management,https://www.cambridgeassociates.com/careers/
Capital Group,Investment / Portfolio Management,https://www.capitalgroup.com/about-us/careers.html
Chenmark Holdings,Investment / Portfolio Management,https://www.chenmark.com/careers
Cohen & Steers,Investment / Portfolio Management,https://www.cohenandsteers.com/careers
Eldridge,Investment / Portfolio Management,https://eldridgeindustries.com/careers/
"FoW Partners, LP",Investment / Portfolio Management,https://fowpartners.com/careers/
Girls Who Invest,Investment / Portfolio Management,https://girlswhoinvest.org/careers/
Jane Street,Investment / Portfolio Management,https://www.janestreet.com/join-jane-street/
Junson Capital,Investment / Portfolio Management,https://www.junsoncapital.com/careers
Kuvare Insurance Services,Investment / Portfolio Management,https://www.kuvare.com/careers/
"Lord, Abbett & Co. LLC",Investment / Portfolio Management,https://www.lordabbett.com/en/careers.html
Maine Angels,Investment / Portfolio Management,https://www.maineangels.org/careers
MFS Investment Management,Investment / Portfolio Management,https://www.mfs.com/en-us/about-mfs/careers.html
"Morningstar, Inc.",Investment / Portfolio Management,https://careers.morningstar.com/
MPE Partners,Investment / Portfolio Management,https://mpepartners.com/careers/
Nautic Partners,Investment / Portfolio Management,https://www.nautic.com/careers/
"Oak Hill Advisors, L.P.",Investment / Portfolio Management,https://www.oakhilladvisors.com/careers
Oaktree Capital Management,Investment / Portfolio Management,https://www.oaktreecapital.com/careers
Old Mountain,Investment / Portfolio Management,https://www.oldmountaincapital.com/careers
Orbit Ventures,Investment / Portfolio Management,https://orbitventures.com/careers/
Parametric,Investment / Portfolio Management,https://www.parametricportfolio.com/careers
Partners Group,Investment / Portfolio Management,https://www.partnersgroup.com/en/careers/
PeakSpan Capital,Investment / Portfolio Management,https://www.peakspancapital.com/careers
PIMCO,Investment / Portfolio Management,https://careers.pimco.com/
Point72,Investment / Portfolio Management,https://point72.com/careers/
Prudential Financial,Investment / Portfolio Management,https://jobs.prudential.com/
Raymond James Financial,Investment / Portfolio Management,https://www.raymondjames.com/careers
Silver Point Capital,Investment / Portfolio Management,https://www.silverpointcapital.com/careers/
Sixth Street,Investment / Portfolio Management,https://sixthstreet.com/careers/
Spectrum Equity,Investment / Portfolio Management,https://www.spectrumequity.com/careers/
Star Equity Holdings,Investment / Portfolio Management,https://starequityholdings.com/careers/
Strategic Investment Group,Investment / Portfolio Management,https://www.strategicgroup.com/careers
Susquehanna,Investment / Portfolio Management,https://careers.sig.com/
Telegraph Hill Partners,Investment / Portfolio Management,https://www.thplp.com/careers
The Cohen Group,Investment / Portfolio Management,https://www.cohengroup.com/careers/
"TIFF Advisory Services, Inc.",Investment / Portfolio Management,https://tiffadvisory.com/careers/
Trillium Trading,Investment / Portfolio Management,https://trilliumtrading.com/careers/
Two Sigma,Investment / Portfolio Management,https://www.twosigma.com/careers/
Vanguard,Investment / Portfolio Management,https://www.vanguardjobs.com/
Verition Fund Management,Investment / Portfolio Management,https://www.verition.com/careers
Vista Equity Partners,Investment / Portfolio Management,https://www.vistaequitypartners.com/careers
Volition Capital,Investment / Portfolio Management,https://www.volitioncapital.com/careers/
Waterfall Asset Management,Investment / Portfolio Management,https://www.waterfallam.com/careers
Weiss Asset Management,Investment / Portfolio Management,https://www.weissasset.com/careers
Y Analytics,Investment / Portfolio Management,https://www.yanalytics.com/careers
Aeris Partners,Investment Banking,https://www.aerispartners.com/careers/
AGC Partners,Investment Banking,https://www.agcpartners.com/careers
"Chestnut Partners, Inc.",Investment Banking,https://www.chestnutpartners.com/careers/
Citi,Investment Banking,https://jobs.citi.com/
Cowen,Investment Banking,https://www.cowen.com/careers/
Credit Agricole Corporate and Investment Bank,Investment Banking,https://www.ca-cib.com/en/careers
Evercore,Investment Banking,https://www.evercore.com/careers/
"Jefferies, LLC",Investment Banking,https://www.jefferies.com/Careers
JEGI,Investment Banking,https://www.jegi.com/careers
Moelis & Company,Investment Banking,https://www.moelis.com/careers/
Morgan Stanley,Investment Banking,https://www.morganstanley.com/people-opportunities
MSCI,Investment Banking,https://careers.msci.com/
Piper Sandler,Investment Banking,https://www.pipersandler.com/careers
PJT Partners,Investment Banking,https://www.pjtpartners.com/careers
RBC Capital Markets,Investment Banking,https://www.rbccm.com/en/careers.page
Rothschild & Co,Investment Banking,https://www.rothschildandco.com/en/careers/
"Samuel A. Ramirez & Co., Inc.",Investment Banking,https://www.samuelramirez.com/careers
Scotiabank,Investment Banking,https://www.scotiabank.com/careers
Shea & Company,Investment Banking,https://www.shea-co.com/careers
Solomon Partners,Investment Banking,https://solomonpartners.com/careers/
Summit Partners,Investment Banking,https://www.summitpartners.com/careers
Truist Securities,Investment Banking,https://careers.truist.com/
UBS Financial Services Inc.,Investment Banking,https://www.ubs.com/us/en/careers.html
Whipstitch Capital,Investment Banking,https://www.whipstitchcapital.com/careers
America's Test Kitchen,"Journalism, Media & Publishing",https://www.americastestkitchen.com/careers
Benchmark Education Publishing Company,"Journalism, Media & Publishing",https://www.benchmarkeducation.com/careers.html
Close Concerns,"Journalism, Media & Publishing",https://closeconcerns.com/careers/
Davler Media Group,"Journalism, Media & Publishing",https://davlermedia.com/careers/
Frontrunner Magazine,"Journalism, Media & Publishing",https://frontrunnermagazine.com/careers/
NBC Sports & Olympics,"Journalism, Media & Publishing",https://www.nbcunicareers.com/
PBS,"Journalism, Media & Publishing",https://www.pbs.org/about/careers/
Penguin Random House,"Journalism, Media & Publishing",https://www.penguinrandomhouse.com/careers/
POLITICO,"Journalism, Media & Publishing",https://www.politico.com/careers
Portland Monthly Magazine,"Journalism, Media & Publishing",https://www.portlandmonthly.com/jobs/
Report for America,"Journalism, Media & Publishing",https://www.reportforamerica.org/careers/
San Francisco Chronicle / SFGate,"Journalism, Media & Publishing",https://www.hearst.com/careers
The Ellsworth American,"Journalism, Media & Publishing",https://www.ellsworthamerican.com/jobs/
The Harpswell Anchor,"Journalism, Media & Publishing",https://www.harpswellanchor.org/join-us
The Maine Monitor,"Journalism, Media & Publishing",https://themainemonitor.org/jobs/
The New York Times,"Journalism, Media & Publishing",https://www.nytco.com/careers/
Vineyard Gazette,"Journalism, Media & Publishing",https://vineyardgazette.com/about/jobs
W. W. Norton & Company,"Journalism, Media & Publishing",https://wwnorton.com/careers
Achievement First,K-12 Education,https://www.achievementfirst.org/careers/
Baker Demonstration School,K-12 Education,https://www.bakerdemonstrationschool.org/about/employment
"Carney, Sandoe & Associates",K-12 Education,https://www.carneysandoe.com/careers
Chapel Hill - Chauncy Hall School,K-12 Education,https://www.chch.org/about/employment
"Chewonki Foundation, Inc",K-12 Education,https://chewonki.org/about/employment/
City Teaching Alliance,K-12 Education,https://www.cityteachingalliance.org/careers
EXPLO,K-12 Education,https://www.explo.org/about/careers
KIPP Massachusetts Public Charter Schools,K-12 Education,https://kippma.org/careers/
Landmark School,K-12 Education,https://www.landmarkschool.org/about/employment
Lawrence Academy,K-12 Education,https://www.lacademy.edu/about/employment
LearningWorks,K-12 Education,https://www.learningworks.me/careers
Rocky Mountain Prep,K-12 Education,https://rockymountainprep.org/careers/
Search Associates,K-12 Education,https://www.searchassociates.com/careers
St. Mark's School,K-12 Education,https://www.stmarksschool.org/about/employment
Success Academy Charter Schools (NY),K-12 Education,https://jobs.successacademies.org/
"The GO Project, Inc.",K-12 Education,https://www.thegoproject.org/about/jobs/
The Lawrenceville School,K-12 Education,https://www.lawrenceville.org/about/employment
Upward Bound Bowdoin College,K-12 Education,https://www.bowdoin.edu/upward-bound/employment.html
ACLU of Maine,Legal & Law Enforcement,https://www.aclumaine.org/jobs-page/
Aleta Law,Legal & Law Enforcement,https://www.aletalaw.com/careers
Berry Appleman & Leiden,Legal & Law Enforcement,https://www.bal.com/careers
Brann & Isaacson,Legal & Law Enforcement,https://www.brannlaw.com/careers/
Center for Justice Innovation,Legal & Law Enforcement,https://www.innovatingjustice.org/careers
Chisholm Chisholm & Kilpatrick LTD,Legal & Law Enforcement,https://cck-law.com/careers/
Cleary Gottlieb Steen & Hamilton LLP,Legal & Law Enforcement,https://www.clearygottlieb.com/careers
Committee for Public Counsel Services,Legal & Law Enforcement,https://www.publiccounsel.net/careers
"Cravath, Swaine & Moore LLP",Legal & Law Enforcement,https://www.cravath.com/careers/
Davis Polk & Wardwell LLP,Legal & Law Enforcement,https://www.davispolk.com/careers
Edelson PC,Legal & Law Enforcement,https://www.edelson.com/careers
Environmental Law Institute,Legal & Law Enforcement,https://www.eli.org/about/careers
Federal Bureau of Investigation,Legal & Law Enforcement,https://www.fbijobs.gov/
Fisher Phillips,Legal & Law Enforcement,https://www.fisherphillips.com/careers
Latham & Watkins LLP,Legal & Law Enforcement,https://www.lw.com/en/careers
Lawyers' Committee for Civil Rights Under Law,Legal & Law Enforcement,https://lawyerscommittee.org/careers/
"McCloskey, Mina, Cunniff & Frawley, LLC",Legal & Law Enforcement,https://www.mmcf-law.com/careers/
"Mintz, Levin, Cohn, Ferris, Glovsky and Popeo, P.C.",Legal & Law Enforcement,https://www.mintz.com/careers
"Murphy & Riley, P.C.",Legal & Law Enforcement,https://www.murphyriley.com/careers/
"Paul, Weiss, Rifkind, Wharton & Garrison LLP",Legal & Law Enforcement,https://www.paulweiss.com/careers
Preti Flaherty,Legal & Law Enforcement,https://www.pretiflaherty.com/careers
Ropes & Gray LLP,Legal & Law Enforcement,https://www.ropesgray.com/en/careers
Rosen Bien Galvan & Grunfeld LLP,Legal & Law Enforcement,https://www.rbgslaw.com/careers
Sidley Austin LLP,Legal & Law Enforcement,https://www.sidley.com/en/careers
"Skadden, Arps, Slate, Meagher & Flom LLP",Legal & Law Enforcement,https://www.skadden.com/careers
The Legal Aid Society,Legal & Law Enforcement,https://www.legalaidnyc.org/careers/
U.S. Attorney's Office - District of Massachusetts,Legal & Law Enforcement,https://www.justice.gov/usao-ma/employment
U.S. Attorney's Office District of Vermont,Legal & Law Enforcement,https://www.justice.gov/usao-vt/employment
"U.S. Attorney's Office, District of Maine",Legal & Law Enforcement,https://www.justice.gov/usao-me/employment
"U.S. Attorney's Office, Northern District of California",Legal & Law Enforcement,https://www.justice.gov/usao-ndca/employment
U.S. Department of Justice,Legal & Law Enforcement,https://www.justice.gov/careers
United States Department of Justice - Antitrust Division,Legal & Law Enforcement,https://www.justice.gov/atr/careers
WR Immigration,Legal & Law Enforcement,https://www.wrimmigration.com/careers
Alexander Group,Management Consulting,https://www.alexandergroup.com/careers/
Alira Health,Management Consulting,https://alirahealth.com/careers/
Alira Health (Formerly Artisan Healthcare Consulting),Management Consulting,https://alirahealth.com/careers/
"Alvarez & Marsal, LLC",Management Consulting,https://www.alvarezandmarsal.com/careers
"Analysis Group, Inc.",Management Consulting,https://www.analysisgroup.com/careers/
Arabella Advisors,Management Consulting,https://arabelladvisors.com/careers/
Bain & Company,Management Consulting,https://www.bain.com/careers/
Baringa Partners,Management Consulting,https://www.baringa.com/en/careers/
BCE Consulting,Management Consulting,https://www.bceconsulting.com/careers
Boston Consulting Group (BCG),Management Consulting,https://careers.bcg.com/
BRG,Management Consulting,https://thinkbrg.com/careers/
Charles River Associates,Management Consulting,https://www.crai.com/careers/
ClearView Healthcare Partners,Management Consulting,https://www.clearviewhcp.com/careers/
Commit Consulting,Management Consulting,https://www.commitconsulting.com/careers
Compass Lexecon,Management Consulting,https://www.compasslexecon.com/careers/
Cornerstone Research,Management Consulting,https://www.cornerstone.com/Careers
Ducker Carlisle,Management Consulting,https://www.duckercarlisle.com/careers
EY-Parthenon,Management Consulting,https://www.ey.com/en_us/careers/what-you-can-do-here/parthenon
"Freedman Consulting, LLC",Management Consulting,https://freedmanconsulting.com/careers/
FTI Consulting,Management Consulting,https://www.fticonsulting.com/careers
Gemic,Management Consulting,https://www.gemic.com/careers/
Investor Group Services,Management Consulting,https://www.investorgroupservices.com/careers
Kaiser Associates,Management Consulting,https://www.kaiserassociates.com/careers/
L.E.K. Consulting,Management Consulting,https://www.lek.com/careers
Malk Partners,Management Consulting,https://malk.com/careers/
Mars & Co,Management Consulting,https://www.marsandco.com/join-us
McKinsey & Company,Management Consulting,https://www.mckinsey.com/careers
Mercer,Management Consulting,https://careers.marshmclennan.com/global/en/mercer
NMG Consulting,Management Consulting,https://www.nmg-consulting.com/careers
"Notch Partners, LLC",Management Consulting,https://www.notchpartners.com/careers
Public Consulting Group Inc.,Management Consulting,https://www.publicconsultinggroup.com/careers/
Putnam,Management Consulting,https://www.putnam.com/about-putnam/careers/
Russell Reynolds Associates,Management Consulting,https://www.russellreynolds.com/careers
Seurat Group LLC,Management Consulting,https://www.seuratgroup.com/careers
Simon-Kucher,Management Consulting,https://www.simon-kucher.com/en/careers
Slalom Consulting,Management Consulting,https://www.slalom.com/careers
The Brattle Group,Management Consulting,https://www.brattle.com/careers/
The IDW Group,Management Consulting,https://www.idwgroup.com/careers
Treacy & Company,Management Consulting,https://www.treacyco.com/careers
Trinity Life Sciences,Management Consulting,https://trinitylifesciences.com/careers/
"Vantage Partners, LLC",Management Consulting,https://www.vantagepartnersllc.com/careers
"Webster Pacific, LLC",Management Consulting,https://www.websterpacific.com/careers
West Monroe,Management Consulting,https://www.westmonroe.com/careers
TRUE,Management Consulting,https://www.trueplatform.com/careers
RPM Industrial Coatings Group,Manufacturing,https://www.rpminc.com/careers/
Boston Scientific,Medical Devices,https://jobs.bostonscientific.com/
Big Family Music,"Movies, TV, Music, Gaming",https://bigfamilymusic.com/careers
Company 3,"Movies, TV, Music, Gaming",https://company3.com/careers
Creative Artists Agency,"Movies, TV, Music, Gaming",https://www.caa.com/careers
Dunvagen Music,"Movies, TV, Music, Gaming",https://dunvagenmusic.com/pages/careers
ESPN,"Movies, TV, Music, Gaming",https://jobs.disneycareers.com/espn
Fusion Entertainment,"Movies, TV, Music, Gaming",https://www.fusionentertainment.com/careers
Kinonik,"Movies, TV, Music, Gaming",https://www.kinonik.com/careers
Sony Pictures Entertainment,"Movies, TV, Music, Gaming",https://www.sonypicturesjobs.com/
United Talent Agency,"Movies, TV, Music, Gaming",https://www.unitedtalent.com/careers/
California Department of Fish and Wildlife,Natural Resources,https://wildlife.ca.gov/Employment
"State of Vermont Department of Forests, Parks, and Recreation",Natural Resources,https://fpr.vermont.gov/about-us/employment
Asian Pacific American Institute for Congressional Studies,NGO,https://apaics.org/about/jobs/
Center for Policing Equity,NGO,https://policingequity.org/careers/
Maine Audubon,NGO,https://maineaudubon.org/about/careers/
Midcoast Conservancy,NGO,https://www.midcoastconservancy.org/about/employment/
The Center for Water Security and Cooperation,NGO,https://thecwsc.org/careers/
The Telling Room,NGO,https://tellingroom.org/careers/
The World Economic Forum,NGO,https://www.weforum.org/careers
Woodwell Climate Research Center,NGO,https://www.woodwellclimate.org/careers/
World Resources Institute,NGO,https://www.wri.org/careers
"AASA, The School Superintendents Association",Non-Profit - Other,https://www.aasa.org/about-aasa/work-for-aasa
AFL-CIO,Non-Profit - Other,https://aflcio.org/careers
American Civil Liberties Union (National Office),Non-Profit - Other,https://www.aclu.org/careers
AmeriCorps,Non-Profit - Other,https://americorps.gov/about/careers
Association of Public Health Laboratories,Non-Profit - Other,https://www.aphl.org/AboutAPHL/Careers/Pages/default.aspx
"BAGLY, Inc",Non-Profit - Other,https://www.bagly.org/jobs
Bowdoin International Music Festival,Non-Profit - Other,https://www.bowdoinfestival.org/employment
Catholic Charities Maine,Non-Profit - Other,https://www.ccmaine.org/about-us/careers/
Center for Political Accountability,Non-Profit - Other,https://politicalaccountability.net/jobs/
Center for Strategic and International Studies,Non-Profit - Other,https://www.csis.org/careers
Children's Museum & Theatre of Maine,Non-Profit - Other,https://www.kitetails.org/about/employment/
City Year,Non-Profit - Other,https://www.cityyear.org/careers
Clean Air Task Force,Non-Profit - Other,https://www.catf.us/jobs/
"Coastal Enterprises, Inc.",Non-Profit - Other,https://www.ceimaine.org/about-cei/careers/
Coastal Maine Botanical Gardens,Non-Profit - Other,https://www.mainegardens.org/about/employment/
ConnectiKids Inc,Non-Profit - Other,https://connectikids.org/jobs/
Council on Foreign Relations,Non-Profit - Other,https://www.cfr.org/careers
Disability Rights Maine,Non-Profit - Other,https://drme.org/employment/
Education Resource Strategies,Non-Profit - Other,https://www.erstrategies.org/careers/
Environment America,Non-Profit - Other,https://environmentamerica.org/jobs/
Everytown for Gun Safety,Non-Profit - Other,https://everytown.org/careers/
Experimental Aircraft Association,Non-Profit - Other,https://www.eaa.org/eaa/about-eaa/careers
FAO Schwarz Fellowship,Non-Profit - Other,https://faoschwarzfellowship.org/apply/
FoodCorps,Non-Profit - Other,https://foodcorps.org/careers/
Forest Foundation,Non-Profit - Other,https://forestfoundation.org/jobs
International Rescue Committee,Non-Profit - Other,https://www.rescue.org/careers
Keewaydin Foundation,Non-Profit - Other,https://keewaydin.org/about/employment/
Kennebunkport Conservation Trust,Non-Profit - Other,https://www.kporttrust.org/jobs
Knox Museum,Non-Profit - Other,https://www.knoxmuseum.org/employment
Maine Historical Society,Non-Profit - Other,https://www.mainehistory.org/about/careers/
Maine International Trade Center,Non-Profit - Other,https://www.mitc.com/about/careers/
Maine Maritime Museum,Non-Profit - Other,https://www.mainemaritimemuseum.org/about/employment/
Management Leadership for Tomorrow,Non-Profit - Other,https://mlt.org/careers/
Partnership for Public Service,Non-Profit - Other,https://ourpublicservice.org/careers/
Pine Tree Legal Assistance,Non-Profit - Other,https://ptla.org/careers
Princeton in Africa,Non-Profit - Other,https://www.princetoninafrica.org/apply
Princeton in Asia,Non-Profit - Other,https://www.princetoninasia.org/apply
Princeton in Latin America,Non-Profit - Other,https://pila-princeton.org/apply
Project Destined,Non-Profit - Other,https://www.projectdestined.com/careers
RMI,Non-Profit - Other,https://rmi.org/careers/
Somali Bantu Community Association of Maine,Non-Profit - Other,https://www.somalibantumain.org/jobs
Spurwink Services,Non-Profit - Other,https://spurwink.org/careers/
Teach For America,Non-Profit - Other,https://www.teachforamerica.org/careers
Teens to Trails,Non-Profit - Other,https://teenstotrails.org/jobs
The Century Foundation,Non-Profit - Other,https://tcf.org/about/jobs/
The Council of State Governments,Non-Profit - Other,https://csg.org/careers/
The Good Food Institute,Non-Profit - Other,https://gfi.org/careers/
The Island Institute,Non-Profit - Other,https://www.islandinstitute.org/about/employment/
The New England Center for Children,Non-Profit - Other,https://www.necc.org/about/careers/
The Niskanen Center,Non-Profit - Other,https://www.niskanencenter.org/careers/
Washington International Trade Association,Non-Profit - Other,https://www.wita.org/careers
Wolfe's Neck Center for Agriculture & the Environment,Non-Profit - Other,https://www.wolfesneck.org/about-us/careers/
Woods Hole Film Festival,Non-Profit - Other,https://woodsholefilmfestival.org/about/employment/
Woods Hole Oceanographic Institution,Non-Profit - Other,https://www.whoi.edu/careers/
World Wildlife Fund (WWF),Non-Profit - Other,https://www.worldwildlife.org/about/careers
Year Up,Non-Profit - Other,https://www.yearup.org/careers
Workforce Recruitment Program,Other,https://www.wrp.gov/
Apple Orchard School,Other Education,https://www.appleorchardschool.org/employment
Boothbay Sea and Science Center,Other Education,https://www.boothbayseaandsciencecenter.org/employment
Breakthrough Collaborative,Other Education,https://breakthroughcollaborative.org/jobs/
Cardinal Education,Other Education,https://www.cardinaleducation.com/careers/
College Guild,Other Education,https://www.collegeguild.org/careers
EAB,Other Education,https://careers.eab.com/
Educate Maine,Other Education,https://www.educatemaine.org/careers
EF Education First,Other Education,https://careers.ef.com/
Enrich,Other Education,https://www.enrichlearning.org/careers
Kieve-Wavus Education,Other Education,https://www.kieve.org/about/employment/
Overland Summers,Other Education,https://overlandsummers.com/jobs/
Posted by CXD,Other Education,https://cxd.design/jobs
Rippleffect Inc.,Other Education,https://www.rippleffectmaine.org/employment/
Teton Science Schools,Other Education,https://www.tetonscience.org/careers
Wilderness Adventures,Other Education,https://www.wildernessadventures.com/jobs
Aegis Systems Inc. d/b/a Actuate,Other Industries,https://actuate.ai/career/
AlphaSights,Other Industries,https://engineering.alphasights.com/careers/
"Casella Waste Systems, Inc.",Other Industries,https://www.casella.com/careers
CCS Fundraising,Other Industries,https://www.ccsfundraising.com/careers/
Creative Memories,Other Industries,https://creativememories.com/careers
Edge Research,Other Industries,https://edgeresearch.com/careers/
Emerson Collective,Other Industries,https://emersoncollective.com/careers/
Fairmont Consulting Group,Other Industries,https://fairmontconsulting.com/careers/
FrontRunner Productions,Other Industries,https://www.frontrunnerproductions.com/careers
Innovate for Maine Fellows Program,Other Industries,https://www.innovateformaine.com/fellows
"NMR Group, Inc.",Other Industries,https://www.nmrgroup.com/careers/
RYSE LOCAL VENTURES,Other Industries,https://ryselocal.com/careers/
Smithsonian,Other Industries,https://www.si.edu/careers
Smithsonian Office of Academic Appointments and Internships,Other Industries,https://www.si.edu/ohr/internships
The Kraft Group LLC,Other Industries,https://www.thekraftgroup.com/careers/
Third Plateau,Other Industries,https://thirdplateau.com/careers
World Bank Group,Other Industries,https://www.worldbank.org/en/about/careers
Artsy,Performing and Fine Arts,https://www.artsy.net/jobs
CHRISTIE'S,Performing and Fine Arts,https://www.christies.com/about-us/careers
Classical Uprising,Performing and Fine Arts,https://www.classicaluprising.org/jobs
"David Zwirner, Inc.",Performing and Fine Arts,https://www.davidzwirner.com/careers
Farnsworth Art Museum,Performing and Fine Arts,https://www.farnsworthmuseum.org/employment/
Maine State Music Theatre,Performing and Fine Arts,https://www.msmt.org/employment/
Museum of Fine Arts Boston,Performing and Fine Arts,https://www.mfa.org/careers
New Hampshire Art Association,Performing and Fine Arts,https://www.nhartassociation.org/employment
Portland Museum of Art,Performing and Fine Arts,https://www.portlandmuseum.org/about/employment/
Portland Stage Company,Performing and Fine Arts,https://www.portlandstage.org/about/careers
Sotheby's,Performing and Fine Arts,https://www.sothebys.com/en/careers
The Sterling and Francine Clark Art Institute,Performing and Fine Arts,https://www.clarkart.edu/About/Employment
AstraZeneca,Pharmaceuticals,https://careers.astrazeneca.com/
Collegium Pharmaceutical,Pharmaceuticals,https://www.collegiumpharma.com/careers/
Novartis,Pharmaceuticals,https://www.novartis.com/careers
Vertex Pharmaceuticals,Pharmaceuticals,https://careers.vertex.com/
Beacon Research,Politics,https://beaconresearch.com/careers/
Brookings Institution (The),Politics,https://www.brookings.edu/careers/
Campaign Zero,Politics,https://www.joincampaignzero.org/jobs
Congressional Budget Office,Politics,https://www.cbo.gov/about/careers
Maine People's Alliance,Politics,https://www.mainepeoplesalliance.org/jobs/
National Democratic Redistricting Committee,Politics,https://democraticredistricting.com/careers/
Olympia Snowe Women's Leadership Institute,Politics,https://www.snoweleadership.org/careers
Power in Place: Women in Politics & Settings of Inspiration,Politics,https://powerinplace.org/careers/
Protect Democracy,Politics,https://protectdemocracy.org/careers/
Boston Properties,Real Estate,https://www.bostonproperties.com/careers
Commercial Real Estate Success Training - CREST Internship,Real Estate,https://www.crestonline.org/internships
Cushman & Wakefield,Real Estate,https://careers.cushmanwakefield.com/
Dwight Capital LLC,Real Estate,https://www.dwightcapital.com/careers/
JLL,Real Estate,https://careers.us.jll.com/
SVN The Masiello Group,Real Estate,https://masiello.com/careers/
WS Development,Real Estate,https://wsdevelopment.com/careers/
Adelphi Values,Research,https://adelphivalues.com/careers/
American Enterprise Institute,Research,https://www.aei.org/jobs/
Capstone LLC,Research,https://www.capstonedc.com/careers/
C-Space,Research,https://www.cspace.com/careers/
Federal Reserve Bank of Boston,Research,https://www.bostonfed.org/careers.aspx
Forrester Research,Research,https://www.forrester.com/careers/
Geisel School of Medicine at Dartmouth,Research,https://geiselmed.dartmouth.edu/education/jobs/
Ipsos,Research,https://www.ipsos.com/en-us/careers
Massachusetts General Hospital - Center for WomenÇƒÙs Mental Health,Research,https://womensmentalhealth.org/about/careers/
Massachusetts General Hospital - Medical Practice Evaluation Center,Research,https://mpec.mgh.harvard.edu/about/employment
Mathematica,Research,https://www.mathematica.org/careers
McLean Hospital,Research,https://www.mcleanhospital.org/careers
Monell Chemical Senses Center,Research,https://monell.org/careers/
National Institutes of Health,Research,https://www.nih.gov/about-nih/what-we-do/careers
National Laboratory of the Rockies,Research,https://inl.gov/careers/
NYU Langone Health- Neuroscience Institute,Research,https://nyulangone.org/research/neuroscience
Oak Ridge Institute for Science and Education,Research,https://www.orau.gov/careers/
Ridgetop Research,Research,https://ridgetopresearch.com/careers/
Sadoway Labs Foundation,Research,https://www.sadowaylabs.org/careers
The Jackson Laboratory,Research,https://www.jax.org/careers
The Lowy Medical Research Institute,Research,https://www.lmri.org/careers/
UMass Boston Dana-Farber/Harvard Cancer Center Partnership to Advance Cancer Health Equity,Research,https://www.dfhcc.harvard.edu/about-us/careers/
"L.L. Bean, Inc.",Retail Stores,https://www.llbean.com/llb/shop/513705
New Balance,Retail Stores,https://jobs.newbalance.com/
"The TJX Companies, Inc.: Student & Early In Career Programs",Retail Stores,https://www.tjx.com/careers
"URBN (Anthropologie, BHLDN, Free People, Terrain, Urban Outfitters)",Retail Stores,https://www.urbn.com/careers
Vineyard Vines Headquarters,Retail Stores,https://www.vineyardvines.com/careers
Draper,Scientific and Technical Consulting,https://www.draper.com/careers
"Eastern Research Group, Inc.",Scientific and Technical Consulting,https://www.erg.com/careers
Exponent,Scientific and Technical Consulting,https://www.exponent.com/careers
NASA DEVELOP National Program,Scientific and Technical Consulting,https://appliedsciences.nasa.gov/what-we-do/capacity-building/develop
Prescient Healthcare Group,Scientific and Technical Consulting,https://www.prescienthg.com/careers
Maine Community Foundation,Social Assistance,https://www.mainecf.org/about/careers/
Quaker Voluntary Service,Social Assistance,https://www.quakervoluntaryservice.org/apply
Boston Celtics,Sports & Leisure,https://www.nba.com/celtics/careers
Camp Runoia,Sports & Leisure,https://www.camprunoia.com/staff
DraftKings,Sports & Leisure,https://careers.draftkings.com/
National Outdoor Leadership School,Sports & Leisure,https://www.nols.edu/en/about/careers/
Portland Hearts of Pine,Sports & Leisure,https://www.heartsopine.com/jobs
The McLaughlin Garden and Homestead,Sports & Leisure,https://mclaughlingarden.org/about/employment/
underdog venture team,Sports & Leisure,https://www.underdogfantasy.com/careers
Wasserman,Sports & Leisure,https://www.teamwass.com/careers
ALKU,Staffing & Recruiting,https://www.alku.com/careers/
BraddockMatthewsBarrett,Staffing & Recruiting,https://bmbstaffing.com/careers/
"Commonwealth Sciences, Inc.",Staffing & Recruiting,https://www.commonwealthsciences.com/careers
Experis,Staffing & Recruiting,https://www.experis.com/en/careers
Vi-Leon,Staffing & Recruiting,https://www.vileon.com/careers
Apogee Adventures,Summer Camps/Outdoor Recreation,https://www.apogeeadventures.com/jobs
ProInfoNet,Telecommunications,https://www.proinfonet.com/careers
Backroads,Tourism,https://www.backroads.com/why-backroads/careers
SmarterTravel,Tourism,https://www.smartertravel.com/careers/
"Ampion, PBC.",Utilities and Renewable Energy,https://ampion.net/careers/
"Competitive Energy Services, LLC",Utilities and Renewable Energy,https://www.competitiveenergyservices.com/careers/
Dimension Energy,Utilities and Renewable Energy,https://dimension-energy.com/careers/
NYC Department of Environmental Protection,Utilities and Renewable Energy,https://www.nyc.gov/site/dep/careers/careers.page
Ocean Renewable Power Company,Utilities and Renewable Energy,https://orpc.co/careers/
Portland Water District,Utilities and Renewable Energy,https://www.pwd.org/careers
ReVision Energy,Utilities and Renewable Energy,https://www.revisionenergy.com/careers/
"Summit Utilities, Inc",Utilities and Renewable Energy,https://summitutilitiesinc.com/careers/
"Sunrise Mountain Partners, LLC",Utilities and Renewable Energy,https://www.sunrisemountainpartners.com/careers
Sunwealth Power,Utilities and Renewable Energy,https://sunwealth.com/careers/
"VEIR, Inc.",Utilities and Renewable Energy,https://www.veir.com/careers
Covetrus,Veterinary,https://careers.covetrus.com/
mainelove LLC,Wholesale Trade,https://www.mainelove.com/pages/careers
